id,kind,title,date,url,rights_evidence,product_use,confidence,notes
S001,official-history,Osaka City Shinsekai history,2024,https://www.city.osaka.lg.jp/naniwa/page/0000632322.html,Osaka City text; linked photos not cleared,facts only,high,Opening date; streets; garden; tower; dated later additions
S002,NDL-book,建築写真類聚 第1期 第24 特殊建築 巻1,1921,https://dl.ndl.go.jp/pid/962657,IIIF manifest PDM; https://www.ndl.go.jp/use/reproduction,conditional NDL scans with exact citation,high,Plates 46-47 canvases 48-49; publication later than opening
S003,NDL-book,大阪独案内,1914,https://dl.ndl.go.jp/pid/952032,IIIF manifest PDM; https://www.ndl.go.jp/use/reproduction,conditional NDL scans with exact citation,high,Canvas 95 two tower views and ropeway; pages 95-96 text; may reflect 1913-14 changes
S004,NDL-book,大大阪独案内,1926,https://dl.ndl.go.jp/pid/917709,IIIF manifest PDM; https://www.ndl.go.jp/use/reproduction,reference only for 1912,high,Canvas 39 photo is Tennoji Park and text postdates Luna Park
S005,NDL-book,四五日の旅 : 名所囘遊,1922,https://dl.ndl.go.jp/pid/964429,IIIF manifest PDM; https://www.ndl.go.jp/use/reproduction,conditional NDL scan with exact citation,high,Canvas 170 tower photo and 250-shaku claim
S006,NDL-book,新日本写真大観,1931,https://dl.ndl.go.jp/pid/1112102,IIIF manifest PDM; https://www.ndl.go.jp/use/reproduction,reference only for 1912,high,Canvas 62 small tower photo after park closure
S007,library-catalog,Osaka Prefectural Library Luna Park exhibition,2005,https://www.library.pref.osaka.jp/nakato/shotenji/66_runa.html,Library page copyright; original item rights to verify,facts only,high,Identifies 1913 album and original illustrated program map
S008,library-item,大阪新名所新世界写真帖,1913,https://www.library.pref.osaka.jp/nakato/shotenji/66_runa.html,Original item and modern reproduction rights not independently cleared,reference only until original verified,medium,Contains original 新世界平面図; source for historical alignment
S009,library-item,ルナパーク・プログラム,1912?,https://www.library.pref.osaka.jp/nakato/shotenji/66_runa.html,Date and reuse rights unresolved,reference only,medium,Illustrated park map on reverse; library call number 枚-282
S010,operator-guide,Tsutenkaku official guide,2024,https://www.tsutenkaku.co.jp/Guide-pdf/mishiranguide_japanese.pdf,Operator publication; facts only,facts only,medium,States approximately 75m and red ropeway; retrospective statement
S011,NDL-exhibition,NDL landmarks Shinsekai,2025,https://www.ndl.go.jp/landmarks/sights/shinsekai,Selected images copyright expired; https://www.ndl.go.jp/landmarks/about,eligible selected images with attribution,high,Commercial reuse expressly allowed for exhibition images
S012,OSM-geocode,Modern Tsutenkaku coordinate,2026,https://nominatim.openstreetmap.org/search?q=Tsutenkaku%2C%20Osaka&format=json&limit=3,OpenStreetMap ODbL; attribution required,modern reference only,high,34.6525393 135.5063098 is second tower; not first tower position
S013,history-interview,Osaka JC first and second tower sites,2017,https://www.osaka-jc.or.jp/activities/2017/06/25/462/,2017 text and images copyrighted; facts only,facts only,medium,Interview with current tower operator says second tower occupies old semicircular garden
S014,community-map,Taisho Shinsekai reconstruction,modern,https://www7a.biglobe.ne.jp/~zbmwsinsedai/chizu.html,Modern drawing copyright unclear; do not copy,study only,low,Qualitative cross-check only; not a survey or independent original
S015,local-history,Shinsekai Fest historical timeline,modern,https://www.shinsekaifes.jp/%E3%83%92%E3%82%B9%E3%83%88%E3%83%AA%E3%83%BC,Historian-supervised text; photos copyrighted,facts only,medium,States first tower about 30m south of second tower
S016,historical-plan-reproduction,新世界平面図 from 1913 album,1913,https://radonna.biz/blog/new_world/,Modern blog scan license unclear; original album rights not independently checked,topology study only,medium,Low-resolution reproduction viewed in Chrome; map is south-up; no image copied into Git
S017,NDL-book,大阪府写真帖,1914,https://dl.ndl.go.jp/pid/966056,IIIF manifest PDM; https://www.ndl.go.jp/use/reproduction,conditional NDL scan with exact citation,high,Osaka Prefecture publication; canvas 180 printed page 85 Shinsekai street/entrance and first tower
